,Indep var,Dep var,F statistic,P value,R-squared,a,b,c
0,zz,['c0_mean'],3520.021682875108,1.93519978289826e-60,0.9919684864439355,159.46510877298203,-1.3303058707815583,0.01151819682639098
