,Indep var,Dep var,F statistic,P value,R-squared,a,b,c
0,zz,['c0_mean'],1946.912266317302,2.7165378338209104e-55,0.9848248197397825,814.6979878005303,-22.38631480894422,0.19600579558657097
